USE quanlydiemthi;

INSERT INTO student(studentId, studentName, birthday, gender, address, phoneNumber)
VALUES ('S001', 'Nguyễn Thế Anh', '1999-01-11', 1, 'Hà Nội', '984678082'),
       ('S002', 'Đặng Bảo Trâm', '1998-12-22', 0, 'Lào Cai', '904982654'),
       ('S003', 'Trần Hà Phương', '2000-05-05', 0, 'Nghệ An', '947645363'),
       ('S004', 'Đỗ Tiến Mạnh', '1999-3-26', 1, 'Hà Nội', '983665353'),
       ('S005', 'Phạm Duy Nhất', '1998-10-04', 1, 'Tuyên Quang', '987242678'),
       ('S006', 'Mai Văn Thái', '2002-6-26', 1, 'Nam Định', '982654268'),
       ('S007', 'Giang Gia Hân', '1996-11-10', 0, 'Phú Thọ', '982364753'),
       ('S008', 'Nguyễn Ngọc Bảo My', '1999-01-22', 0, 'Hà Nam', '984567264'),
       ('S009', 'Nguyễn Tiến Đạt', '1998-08-07', 1, 'Tuyên Quang', '986345621'),
       ('S010', 'Nguyễn Thiều Quang', '2000-09-18', 1, 'Hà Nội', '9846325761');

INSERT INTO subject(subjectId, subjectName, priority)
VALUES ('MH01', 'Toán', 2),
       ('MH02', 'Vật Lý', 2),
       ('MH03', 'Hoá Học', 1),
       ('MH04', 'Ngữ Văn', 1),
       ('MH05', 'Tiếng Anh', 2);

INSERT INTO mark(subjectId, studentId, point)
VALUES ('MH01', 'S001', 8.5),
    ('MH02', 'S001', 7),
    ('MH03', 'S001', 9),
    ('MH04', 'S001', 9),
    ('MH05', 'S001', 5),
    ('MH01', 'S002', 9),
    ('MH02', 'S002', 8),
    ('MH03', 'S002', 6.5),
    ('MH04', 'S002', 8),
    ('MH05', 'S002', 6),
    ('MH01', 'S003', 7.5),
    ('MH02', 'S003', 6.5),
    ('MH03', 'S003', 8),
    ('MH04', 'S003', 7),
    ('MH05', 'S003', 7),
    ('MH01', 'S004', 6),
    ('MH02', 'S004', 7),
    ('MH03', 'S004', 5),
    ('MH04', 'S004', 6.5),
    ('MH05', 'S004', 8),
    ('MH01', 'S005', 5.5),
    ('MH02', 'S005', 8),
    ('MH03', 'S005', 7.5),
    ('MH04', 'S005', 8.5),
    ('MH05', 'S005', 9),
    ('MH01', 'S006', 8),
    ('MH02', 'S006', 10),
    ('MH03', 'S006', 9),
    ('MH04', 'S006', 7.5),
    ('MH05', 'S006', 6.5),
    ('MH01', 'S007', 9.5),
    ('MH02', 'S007', 9),
    ('MH03', 'S007', 6),
    ('MH04', 'S007', 9),
    ('MH05', 'S007', 4),
    ('MH01', 'S008', 10),
    ('MH02', 'S008', 8.5),
    ('MH03', 'S008', 8.5),
    ('MH04', 'S008', 6),
    ('MH05', 'S008', 9.5),
    ('MH01', 'S009', 7.5),
    ('MH02', 'S009', 7),
    ('MH03', 'S009', 9),
    ('MH04', 'S009', 5),
    ('MH05', 'S009', 10),
    ('MH01', 'S010', 6.5),
    ('MH02', 'S010', 8),
    ('MH03', 'S010', 5.5),
    ('MH04', 'S010', 4),
    ('MH05', 'S010', 7);

